"Codice articolo","Descrizione","Categoria","Prezzo"
"","MATERIALE FUORI PRODUZIONE O NON FORNIBILE","",""
"","componenti kit richiesti / ordinati ","",""
"","MATERIALE CHIESTO A VACCARI (VERIFICA E RISPONDE SU DISPO.)","","Da caricare in GAMMA (Lucia)"
"","MATERIALE IN ORDINE ","",""
"","MATERIALE DA ORDINARE (CHIESTO A LORELLA)","","Da Listino con Formula FAS"
"Cod. articolo","Descrizione ","CATEGORIA RICAMBIO","Prezzo di Vendita"
"PULSDP16-ASS","Pulsante dp16 assemblato","COMPONENTI MECCANICI","2,5641"
"0-01-0002-00","Altoparlante  8 ohm 1 w mm 50 x 50 0-01-0002-00 628-4709","COMPONENTE ELETTRONICO/ELETTRICO","9,44"
"001-001190","Guarnizione armata per porta e ghigliottina DP","GUARNIZIONI ED O-RING","15,5052"
"021-001-00161","Powerline ether. PA4010kit 500Mbps TP-Link (onde convogliate) xDP60 4-B3","COMPONENTE ELETTRONICO/ELETTRICO","158,048"
"2-00-0051-00-U","Lettore. ICT V7/A7 RIG con stecker da 200  sw. 71JPCEUBA 5","LETTORI DI BANCONOTE","202,05"
"LB-002","Lettore ICT V7-P - Stacker da 300 - STD Bezel - MDB","LETTORI DI BANCONOTE","716,68"
"3-03-0101-09","Hopper X3 Micro CCTalk 24V - beccuccio senza la parte inferiore","HOPPER","224,3204"
"2-00-0137-01","Termostato XR70CX-5N0C9 NTC 2R=8A+5A+16A 230V LGQOBXF500","GRUPPI FRIGO E ACCESSORI","208,4258"
"2-00-0138-01","Sonda NG6 3.0MT  NTC da 40 gradi a 110 gradi - EVTPN630F200","GRUPPI FRIGO E ACCESSORI","11,8"
"2-01-0097-04","X5 Dynamic PayOut new c/cinghia standard, senza slitta e  senza cinch","HOPPER","615,5145"
"2-02-0037-01","Stampante SANEI SK41-21SF - cod. PRNSK421SF - con Baud Rate 9600","STAMPANTI","458,85"
"2-02-0042-00-1","Lettore ICT XBA MDB con stacker da 400 bk","LETTORI DI BANCONOTE","957,03"
"2-02-0044-00","Stampante TG02H USB/RS232/TTL","STAMPANTI","517,845"
"501-11-11-23-00","Maniglia girevole in zama cromata alta.sicur.ch/diverse s/linguetta","COMPONENTI MECCANICI","137,9328"
"056-18-02","serratura tubol alta sicur. h.18 ch/diverse cil. OCTAGON doppia uscita","COMPONENTI MECCANICI","49,7492"
"ALIM-002","Alimentatore LRS-100-12 AC/DC enclosed 1U low profile 100w 12v 8,5A","ALIMENTATORI","33,226"
"ALIM-003","Alimentatore LRS-100-24 AC/DC enclosed 1U low profile 100w 24v 4,5A","ALIMENTATORI","31,7892"
"ALIM-011","Alimentatore  IRM-03-5","ALIMENTATORI",""
"ALIM-012","Alimentatore NDR-240-24 AC/DC 240w 24v - per DD60","ALIMENTATORI","117,189"
"ALIM-014","Alimentatore LRS-150-24","ALIMENTATORI","38,614"
"ALIM-015","Alimentatore XDR-240E-24 AC/DC 240w 24v - per DD60/DD40T","ALIMENTATORI","139,19"
"BATT-12V-1,3A PB","Batteria 12v 1,3 ah pb","COMPONENTE ELETTRONICO/ELETTRICO","23,7888"
"BATT-12V-5A","Batteria 12V 5Ah al Pb AGM VRLA Energy Safe C20 - Cod.00412051","COMPONENTE ELETTRONICO/ELETTRICO","16,048"
"SENS-001","Sensore di vibrazione per kit Tilt - Omron D7E-2","COMPONENTE ELETTRONICO/ELETTRICO","35,1118"
"CAV-02","Cavo di rete LAN lungo mt. 2,0 MCV751","CAVI/CABLAGGI","13,216"
"CPAYP-345-1DP","Toppa chiusura foro scanner grande x DP - PRZ + Ral 9003 Liscio","CARPENTERIE","3,626"
"CR-003","Lettore card AGE-300 per controllo dati anagrafici (per ns. distributori","KIT, AGE300","399,6802"
"CV-16","Cablaggio x POS di  rete UTP cat.5E NoScherm. 1m (CC.0168)","CAVI/CABLAGGI","14,16"
"CV-24","Cavo di rete LAN- L= 5 Mt.","CAVI/CABLAGGI","13,688"
"CV-27","Cablaggio di rete cat.5E NoScherm. mt. 0,30 (DK-1512-003)","CAVI/CABLAGGI","3,367"
"CV-31","Cavo USB lungh. 50 CM. - USB A / USB C - MH654 > PC X86","CAVI/CABLAGGI","11,2336"
"CV-37","Cavo USB A/B (usb-usb) Lunghezza cm. 180","CAVI/CABLAGGI","6,8912"
"CV-39","Cavo USB A/B  cm.100  - Commerciale","CAVI/CABLAGGI","6,844"
"CV-45","Cavo Audio - Lungh. 180 cm","CAVI/CABLAGGI","8,968"
"DD16-098","Cassetta monete zincata dd16-18","CARPENTERIE","55,5413"
"DD18-137","Scivolo resto DP18 - Inox ""Chicco di Riso""","CARPENTERIE","47,594"
"DD16-903-GU","Pannello frontale DP18 sp.5 con foro POS Self2000 - Durex ""2023""","PARTI PLASTICHE","450,11"
"DD16-920-GU","Frontalino con stampa logo Durex x DP18 vers.""Durex 2023""-plexiglass","PARTI PLASTICHE","46,247"
"DD60-910-1-GU","Pannello porta Monolitico DD60 NEW grafica Gucci - plexi 10 mm.","PARTI PLASTICHE","893,55"
"DD60-PS100","Costa sensibile PS100-610-2S-S30-150-IAC x vasca rotativa DD60","COMPONENTE ELETTRONICO/ELETTRICO","215,52"
"DIST-FF-10MM","Distanziale. h 10mm fil.m3 ny d.e 6mm RTSN-M3-10-6-1","COMPONENTI MECCANICI","1,5022"
"SUPP-DIST","Supporto/distanziale conico per spintore DP60   CRLCBSR-3-01","COMPONENTI MECCANICI","0,46"
"SUPP-FASC-03","Reggi cavo 36.h15.ny.bia  adesivo 5511/16///15","COMPONENTI MECCANICI","1,182775"
"DIST-07","Distanziale in nylon h 5mm per DP8 - RLCBSA-5-01","COMPONENTI MECCANICI","2,2792"
"DIST-09","Distanziale H.5mm per cassetti DP60/40","COMPONENTI MECCANICI","0,29256"
"DP16-022","Rullino reg. rostro superiore derlin","PARTI PLASTICHE","4,5066"
"DP40-900-1GU","Pannello Porta DP40 Con logo Durex Vers.""2023"" - Plexi stamp. da 8 mm.","PARTI PLASTICHE","795,34"
"DP40-034-1","Piastra supp. POS + QR Code DP40 - PRZ+Ral 9003 Liscio,opaco","CARPENTERIE","29,185"
"DP40-098","Cassetta raccolta moneta DP40 - PRZ + Vern 9003 Liscio","CARPENTERIE","52,084"
"DP40-172-1","Palo per fissaggio su piazzale posteriore DD60T e DP40","CARPENTERIE","284,05"
"DP60-222-1","Palo per fissaggio posteriore DP60 su piazzale - Fe+F.do zinc.+ RAL9003","CARPENTERIE","255,645"
"DP40-900-1GUN","Pannello Porta DP40 NO logo Durex Vers.""2023"" - Plexi stamp. da 8 mm.","PARTI PLASTICHE","795,34"
"DP40-900-1GU","Pannello Porta DP40 Con logo Durex Vers.""2023"" - Plexi stamp. da 8 mm.","PARTI PLASTICHE","795,34"
"DP40-940-1GU","Pannello x POS SELF 4000 + QR CODE per DP40 Vers.Durex 2023","PARTI PLASTICHE","57,80875"
"DD60-034-1","Piastra supporto POS INGENICO DUO DD60 - Fe + Zinc.+ Ral 9003","CARPENTERIE","50,1084"
"DP60-096","Supporto scatola monete dp60 zincata","CARPENTERIE","37,9405"
"DP60-134","Staffa lucchetto dp60 inox","CARPENTERIE","41,4876"
"DP60-292","Supporto ventole sotto base zincata","CARPENTERIE","63,6233"
"DP60-391-1","Piastra per POS Self 2000 L e QR Code DP60 - Fe + Vern 9003 Liscio","CARPENTERIE","57,8761"
"DP60-ATT-N-CL","Attuatore lineare CX.LAT7.2A.12.300 con blocc.,occhiello,perni-LAVORATO","COMPONENTE ELETTRONICO/ELETTRICO","152,66"
"DP60-KIT-04","Paratia cassetto spintore assemblata con 2 molle","GRUPPO MECCANICO","16,52"
"DP60-KIT-08","kit inserimento moneta assemblato DP60","GRUPPO MECCANICO","136,496"
"GDD60-INSMON01","Gruppo Inserimento Monete DD60T","GRUPPO MECCANICO","195,9885"
"DP60-KIT-10-TILT","Kit ""Tilt"" per DP60-DP30-DP40","ACCESSORIO","49,6145"
"DP16-KIT-015","Kit Inserimento moneta/ Gettoniera per DP16/DP18","GRUPPO MECCANICO","136,2266"
"DS20-171","Grondaia per Lettore di banconote per DS20 - PRZ","CARPENTERIE","16,52"
"DP40-047-1","Lamiera supporto Gett. Rendirestp DP40 - PRZ+Ral 9003 Liscio,opaco","CARPENTERIE","18,88"
"FI-MH627R","Filtro Luce IR per barriera ottica MH627R - plastica","PARTI PLASTICHE","4,05076"
"FR-003-R290","Gruppo frigo x DP40 - NUY90RA SLIM R290 (Vs. cod. 18001168)","GRUPPI FRIGO E ACCESSORI","1556,433"
"FR-004-R290","Gruppo frigo x DD60 TOUCH - NEK6210U-A R290 (Vs. cod. 18001164)","GRUPPI FRIGO E ACCESSORI","1659,45"
"FR-006-R290","Gruppo frigo x DP60 - NEK6210U R290 (Vs. cod. 18001169)","GRUPPI FRIGO E ACCESSORI","1787,3415"
"GDP60-FRIGO","GRUPPO FRIGO DP60 CABLATO R134","GRUPPI FRIGO E ACCESSORI","1673,94"
"GDP40-FRIGO","GRUPPO FRIGO DP40 CABLATO R134","GRUPPI FRIGO E ACCESSORI","1673,94"
"GETT-P10-CCTALK-4K","Gettoniera tropicalizzata P10 cctalk 4-C2 4K","GETTONIERE","196,662"
"GETT-RR-C2X1N","Gettoniera RendiResto BLUE MDB cod C2-X15800","GETTONIERE","1026,95"
"GETT-RR-GR1","Gettoniera RendiResto GRYPHON G4G1-MN00NN-EUR-ABF","GETTONIERE","997,05"
"INT-17","Interr.(tamper) di sicurezza KC3006CLAAA 250V,ON-OFF MOM.ON SP/bianco","COMPONENTE ELETTRONICO/ELETTRICO","11,328"
"INT-24-N","Microinterruttore  VA2-16S1-03D0-Z - Micro x ghigliottina","COMPONENTE ELETTRONICO/ELETTRICO","2,953636"
"LUCCH-4115","Lucchetto Viro Panzer 4115","COMPONENTI MECCANICI","98,78"
"MCV137","Cavo telef DB9 RS232 - mh465-mh466 - vers. 1.03","CAVI/CABLAGGI","26,4461"
"MCV422","Cavo Power/CAN MH430 >  MH483","CAVI/CABLAGGI","44,9"
"MCV459","Cavo programmazione RS232-PC -> MH430(CPU-DP8/16)","CAVI/CABLAGGI","22,656"
"MCV495","Cabl. Paypoint MDB Cashless/POS - MH430","CAVI/CABLAGGI","30,981"
"MCV526","Cablaggio x interf. MH499 - Progr. per X3 e X5","CAVI/CABLAGGI","17,228"
"MCV592-2","DP60 cavo batteria ottica - cm 150","CAVI/CABLAGGI","17,6056"
"MCV593","Power/CAM MH522-MH430","CAVI/CABLAGGI","17,936"
"MCV603-P1","Cavo RS232 stampante custom tg02/mh430 per DP60 con POS","CAVI/CABLAGGI","17,936"
"MCV610","Ds40 cavo altoparlante - MH519","CAVI/CABLAGGI","16,52"
"MCV669-1","Cablaggio cctalk x nr.5 motor dispenser per DP18","CAVI/CABLAGGI","16,52"
"MCV669-2","Cablaggio cctalk x nr.7 motor dispenser per DP18","CAVI/CABLAGGI","17,4168"
"MCV669-3","Cablaggio cctalk x nr.6 motor dispenser per DP18","CAVI/CABLAGGI","31,2504"
"MCV670","Cabl. dp18 stampante rs232","CAVI/CABLAGGI","23,128"
"MCV671","Cabl. dp18 stampante power per stampante TG02","CAVI/CABLAGGI","10,1952"
"MCV682.1","Cabl.dp18 switch chiave allarme mh522 - 1 -","CAVI/CABLAGGI","16,992"
"MCV690","Cabl. dp18 hopper 1 mh541","CAVI/CABLAGGI","16,048"
"MCV691","Cabl. dp18 hopper-2 mh541","CAVI/CABLAGGI","22,656"
"MCV698","DP18T alimentazione monitor 12v mh522","CAVI/CABLAGGI","35,92"
"MCV802","Cablaggio display grafico 128x240-MH430 paypoint e change mini","CAVI/CABLAGGI","44,6306"
"MCV874A","Cavo motore sblocco apertura cassetto prodotti x DP18-DP30-DP60","CAVI/CABLAGGI","12,4608"
"MCV869","Cablaggio power can mh522 - mh430","CAVI/CABLAGGI","21,712"
"MCV952","Cavo CCTALK da MH499 a MH572","CAVI/CABLAGGI","18,88"
"MCV966","Cablaggio CCTALK MH499-MH576","CAVI/CABLAGGI","16,992"
"MCV967","Cablaggio CCTalk MH576-MH576 (Display prezzi)","CAVI/CABLAGGI",""
"MCV1059","Cablaggio sensore D7E-2 tilt low (100/170gal) per DS60","CAVI/CABLAGGI","11,9416"
"MCV1141","Cavo Stampante Power > MH430-P x PPT - L. cm.150","CAVI/CABLAGGI","7,08"
"MCV1151","Cablaggio Barriera Ottica - DP40","CAVI/CABLAGGI","35,92"
"MCV1152","Cavo Illuminatore cassetto ritiro x DP40 - da MH522 a MH441","CAVI/CABLAGGI","14,16"
"MCV1223","Cavo Alimentazione Stampante TG02 - L. cm.180","CAVI/CABLAGGI","18,3136"
"MCV1307","Cavo MH430-RS232-Stampante SANEI SK4-21S (180cm)","CAVI/CABLAGGI","26,94"
"MCV1308","Cavo Power 24V stampante SANEI SK4-21S (180cm)","CAVI/CABLAGGI","32,4178"
"MCV1161","Cavo MH555 > Ghigliottina Switch Fine corsa DIETRO - DP40","CAVI/CABLAGGI","13,688"
"MCV1162","Cavo MH555 > Ghigliottina Switch Fine corsa AVANTI - DP40","CAVI/CABLAGGI","16,048"
"MCV1191","Cablaggio CCTALK MH566->MH541(C) X DS60","CAVI/CABLAGGI","18,6912"
"MCV1219","Cavo CCTalk  MH541A > MH566 - DS60","CAVI/CABLAGGI","29,185"
"MCV1293","Cavo per Motore cassetto ritiro prodotti -  DD60","CAVI/CABLAGGI","23,6"
"MCV1301","Cavo MH430- RS232 - Stampante SANEI SK4-21S (55cm)","CAVI/CABLAGGI","23,6472"
"MCV1302","Cavo Power 24V stampante SANEI SK4-21S (55cm)","CAVI/CABLAGGI","23,5276"
"MCV1303","Cavo MH430-RS232-Stampante SANEI SK4-21S (120cm)","CAVI/CABLAGGI","26,94"
"MCV1304","Cavo Power 24V stampante SANEI SK4-21S (120cm)","CAVI/CABLAGGI","26,94"
"MCV1382","Cavo per alimentazione rete 230Vac box alimentatore -  DD60","CAVI/CABLAGGI","14,2544"
"MCV1494","Cablaggio CCTalk - Lungh. 200 cm.","CAVI/CABLAGGI","21,712"
"MCV1496","Cablaggio Alimentazione 12V per Pos Ingenico - DD06","CAVI/CABLAGGI","12,744"
"MCV1498","Cablaggio Alimentazione 12V per MH582 - DD06","CAVI/CABLAGGI","11,328"
"MCV1499","Cablaggio Flat 10 vie per MD Small in CCTalk - DD06","CAVI/CABLAGGI","24,695"
"MCV1501","Cablaggio di Switch Fine corsa DIETRO per DD60T/DP40","CAVI/CABLAGGI","13,688"
"MCV1502","Cablaggio di Switch Fine corsa AVANTI per DD60T/DP40","CAVI/CABLAGGI","14,632"
"MCV1503","Cablaggio Alimentazione macchina 230 Vac- DD06","CAVI/CABLAGGI","16,992"
"MCV1504","Cablaggio Alimentazione macchina 24 Vcc- DD06","CAVI/CABLAGGI","9,912"
"MCV1507","Cavo Solenoide per blocco sportello - Patch per DP40 e DP60 Vers. 1.00","CAVI/CABLAGGI","40,41"
"MCV1508","Cavo Solenoide per blocco sportello DD60T-DP40T - Vers. 1.01","CAVI/CABLAGGI","40,41"
"MCV1538","Cavo per lavorazione motore nuova Paratia DP40 e DD60 completo di MTR-11","CAVI/CABLAGGI","82,616"
"MD-MH538-CCT-A-SD5","Motor dispenser X2 con MH538 CCTALK. config.A mod. SD5","MOTOR DISPENSER/SPINTORE","62,0967"
"MD-MH538-CCT-A-SD2","Motor dispenser X2 con MH538 CCTALK. config.A mod. SD2","MOTOR DISPENSER/SPINTORE","62,0967"
"MH4-70.1240.90.006-D","Pannello frontale MH4 in plexi sp. 1,5 - Grafica Gucci","PARTI PLASTICHE","502,55"
"MH4-70.1240.90.010-D","Pannello frontale MH4 BLINDO in plexi sp. 1,5 - Grafica Gucci","PARTI PLASTICHE","502,55"
"MH430-P","Scheda CPU MH430 new","SCHEDE ELETTRONICHE","230,736"
"MH486","PayPoint - Tasto singolo","SCHEDE ELETTRONICHE",""
"MH499","Scheda per Programmatore ICP","SCHEDE ELETTRONICHE","58,37"
"MH505","Scheda Interfaccia colleg. scheda Raspberry-MH430 x Paypoint Rev.B","SCHEDE ELETTRONICHE","35,92"
"MH519","Scheda Audio x DT50 e DS40","SCHEDE ELETTRONICHE","28,736"
"MH521-N1","Scheda Power + I/O x cassa - Nuova Rev. E","SCHEDE ELETTRONICHE","159,395"
"MH522-N1","Scheda I/O x sportello - nuova Rev. C","SCHEDE ELETTRONICHE","155,803"
"MH524","Scheda tastiera x DP60","SCHEDE ELETTRONICHE","33,675"
"MH527","Scheda DP60 power e luci","SCHEDE ELETTRONICHE","31,6545"
"MH528","Scheda BUS CCTALK motori DP60","SCHEDE ELETTRONICHE",""
"MH529","Scheda motore serranda si sicur. vasca rec. prod. DP60","SCHEDE ELETTRONICHE","23,6174"
"MH534","Scheda 2 pulsanti con software 1.06","SCHEDE ELETTRONICHE","61,513"
"MH535","Scheda display prezzo prodotto DP18","SCHEDE ELETTRONICHE","14,4432"
"MH537","Scheda interfaccia MH537","SCHEDE ELETTRONICHE",""
"MH541","Scheda espansione multi CCTalk x DP18","SCHEDE ELETTRONICHE","22,656"
"MH555","Scheda ghigliottina CAN x serie DP","SCHEDE ELETTRONICHE","71,84"
"MH572","Scheda display prezzi DP30","SCHEDE ELETTRONICHE","114,944"
"MH576","Scheda display prezzi DP60","SCHEDE ELETTRONICHE","105,515"
"MH585","Scheda Power + Battery + I/O per DP8 New","SCHEDE ELETTRONICHE","192,621"
"MH599","Scheda Driver 10 spintori - New","SCHEDE ELETTRONICHE","167,926"
"MH615","Scheda dispaly 7 prezzi x carrello DUREX-DP40","SCHEDE ELETTRONICHE","130,4345"
"MH625","Nuovo DDx Touch - POWER","SCHEDE ELETTRONICHE","209,234"
"MH627-R","Scheda barriera ottica ricevente","SCHEDE ELETTRONICHE","76,33"
"MH627-R-DP","Scheda barriera ottica ricevente - per distr. DDx e DP","SCHEDE ELETTRONICHE","76,33"
"MH627-T","Scheda barriera ottica trasmittente","SCHEDE ELETTRONICHE","52,3085"
"MH628","Scheda rilevatore gas - DD60","SCHEDE ELETTRONICHE",""
"MH634","Scheda Controller Motori (Paratia-Cassetto) - DDx","SCHEDE ELETTRONICHE","78,575"
"MH637","Cavo audio RaspBerry -mh519","SCHEDE ELETTRONICHE","121,679"
"MH639","Scheda display 4 prezzi per MH4","SCHEDE ELETTRONICHE","94,739"
"MH640","Scheda CAN-Product Door per DP60_Touch - DDx","SCHEDE ELETTRONICHE","106,413"
"MH654","Nuovo DDx Touch - CPU per PC X86","SCHEDE ELETTRONICHE",""
"MH655-FPRINT","Scheda MH655 programmata per Finger Print completa di scatola","SCHEDE ELETTRONICHE",""
"MH668","Scheda Power per CPU PC X86","SCHEDE ELETTRONICHE",""
"MH668-12V","Scheda  Power Adapter 24V to 12Vcc 4A.","SCHEDE ELETTRONICHE",""
"MH686","Scheda Interfaccia USB - CCTALK (Programmata UART_X2) DD06 cpl di box","SCHEDE ELETTRONICHE","50,0635"
"MON-011-E","Monitor 15,6"" -30 gradi/+85 gradi, DIS000000366-A4 per DD60/DS20","MONITOR/TOUCH/DISPLAY","1587"
"MON-016","Monitor da 21,5"" 1000 cd/mq G215HVN01.3 -20° +80°C,x DS","MONITOR/TOUCH/DISPLAY","1828,5"
"MTR-02","motoriduttore RH.158.24.100m albero standard","MOTORI","47,4593"
"MTR-07","Motoriduttore RH.158.12.200m albero standard","MOTORI","47,2797"
"MTR-08","Motoriduttore 24VDC-050-A145S-52-Supp.Mot. per vasca rotativa","MOTORI","92,6287"
"NX16SR/XCN-C01020","Kit barriera ottica emett. più ricevit. NX16SR/XCN-C01020 campo cm15/35","COMPONENTE ELETTRONICO/ELETTRICO","314,64"
"NET.044.005.0002","Switch 5 Porte 10/100/1000 TP-LINK  TL-SG105","COMPONENTE ELETTRONICO/ELETTRICO","65,105"
"POS-ING-001-L","Pos Ingenico SELF 2000 LIGHT, Contactless c/certificato di produzione","POS","1114,35"
"POS-ING-MDB01","Modulo MDB per Pos Ingenico SELF 2000/5000","POS","98,78"
"RASPBERRY-PI2","Raspberry mod. new PI 2-MODB-1GB","SCHEDE ELETTRONICHE","133,8469"
"RASPBERRY-PI3","Raspberry mod. new PI 3-MODB-1GB - 137-3331","SCHEDE ELETTRONICHE","154,905"
"SCH-USD-16GB","MicroSD SDSDQAD/16GB SanDisk classe 10","SCHEDE ELETTRONICHE","31,43"
"SILOS-BAND-01022","Piastrina reg.frontale silos gialla 2200","CARPENTERIE","0,79672"
"SILOS-M051","Peso standard silos DP16/DP18 - Fe + Zinc.(ex cod. DP16-053)","CARPENTERIE","11,7528"
"STAMP-004","Disco ferma rotolo stampante SK SANEI - Policarbonato diam. 85 e 2 fori","STAMPANTI","6,4232"
"STAMP-SAN-01","Frontalino Nero per stampante Sanei SK421SF","STAMPANTI","44,9"
"STR-LED-07","Strip led bianco LS570 lugh. 57cm","LED","23,6"
"STR-LED-10","Strip Led bianco LS800 lungh. 80 cm","LED","34,124"
"STR-LED-12","Strip Led bianco LS875 lungh. 87,5 cm","LED","35,022"
"STR-LED-14N","Strip Led 12v RGB 60 SMD/m Waterproof V-TAC SKU:212155 (bobina 5mt)","LED","7,4576"
"STSK-06","Lamiera Supporto per stampante SK Sanei x DP60 - Inox 304","CARPENTERIE","25,144"
"STSK-05","Lamiera Supporto per stampante SK Sanei - Inox 304","CARPENTERIE","15,812"
"STSK-90","Guarnizione per stampante Sanei Bocchetta-lamiera","GUARNIZIONI ED O-RING","4,5584"
"SUPP-GETT-MH","Supporto MH per gettoniera","COMPONENTI MECCANICI","4,3502158"
"VENT-01-CBL","Ventola PF 80251B-000U-A99 cablata","COMPONENTE ELETTRONICO/ELETTRICO","18,88"
"VETR-002","V.camera 500X1200 3+3 selettivo intercap.6mm gas Argon flot chiaro","VETRO","191,2291"
"VETR-003-T","V.camera Temperato 592x1273 Sunguard 70/35 6mm+10 term.+5 mm"," VETRO","394,36628"
"VETR-004-T","V.camera temperato 822x1258x19,38 Sunguard 70/35 6mm+9 gas+4"," VETRO","491,7998"
"VENT-8X8-12.1","Ventola 80x80x25 12vdc cablata con MCV1265","COMPONENTE ELETTRONICO/ELETTRICO","16,756"
"DD60-034C-1","Piastra supporto POS Ingenico Self 2000 per DD60T - Fe + Zinc.+ Ral 9003","CARPENTERIE","48,3573"
"DD60-282B","Pignone motore vasca rotativa REV. B - Inox 304","CARPENTERIE","16,4728"
"SCH-PC-03","Scheda Mini PC da 3.5"" - MF20-00-VEN compl. di cavi","SCHEDE ELETTRONICHE","738,53"
"SCH-PC-RAM3","scheda RAM DDR4 3200Mhz per scheda mini PC","SCHEDE ELETTRONICHE","206,54"
"SCH-PC-SSD3","SSD 128GB per sched PC IM2P33F8-128GCTB5","SCHEDE ELETTRONICHE","226,1038"
"VENT-TG-117215","Ventola tangenziale TGO 60/1-300/30"" 230v 50hz 45w Ins CL ""F""","COMPONENTE ELETTRONICO/ELETTRICO","100,9352"
"XS-01-ASS","Spintore XS assemblato","MOTOR DISPENSER/SPINTORE","87,106"
"TAST-AV-001","Tastiera antivandalo 3x4 FQ09 con tasti ok e canc - Inox 304","COMPONENTE ELETTRONICO/ELETTRICO","146,823"
"DP60-185-1","Lamiera a pettine fermo paratie DP60 - Fe + Vern Ral 9003","CARPENTERIE","28,2421"
"DD18-037","Staffa lucchetto dd18 REV.A  inox","CARPENTERIE","16,284"
"DD18-163","Supporto serratura DP18 - Inox 304","CARPENTERIE","20,768"
"DP40-206-1","Lamiera pettine x fermo paratie - Fe+ Ral 9003 Liscio,Opaco","CARPENTERIE","14,868"
"DD60-915","Protezione elettronica porta DD60 - Plexiglass","PARTI PLASTICHE","44,9"
"SCAN-02","Lettore impronte Fingerprint Suprema 3050 - Sensore TCS2 - Mem. 4MB","COMPONENTE ELETTRONICO/ELETTRICO","371,45"
"BUZ07.CL","Sirena KPS 5210-24 24VDC Cablata","COMPONENTE ELETTRONICO/ELETTRICO","16,048"
"BATT-3.7V-CPL","Batteria li-ioni 3.7V x2 - 2900mAh completa di connettore","COMPONENTE ELETTRONICO/ELETTRICO","26,042"
"NET.15.0314","Switch 2 Porte Logilink NS0011","COMPONENTE ELETTRONICO/ELETTRICO","33,226"
"MD-MH626-A-CT2-Y-A1","Motor dispenser X2 Small CCTalk conf. CT2Y Rev. A1","MOTOR DISPENSER/SPINTORE","66,452"
"SERR-003","Serratura a spinta KD per porta post. DT50 (a pulsante per vetrina)","COMPONENTI MECCANICI","26,042"
"DD6-PLEX3-1","Pannello stampato per DD6 Mod.2","PARTI PLASTICHE","93,392"
"SCA-EM20-80","Scanner fisso 2D CMOS- interfaccia USB/TTL232","COMPONENTE ELETTRONICO/ELETTRICO",""
"SCA-CBL115U","Cavo per scanner EM20-80 cod. CBL115U - 4PIN USB L.1,2 Mt.","COMPONENTE ELETTRONICO/ELETTRICO",""
"","","#N/D",""
"","KIT FARMA ","",""
"","kit FARMA  gestiti da Vaccari ","#N/D","0"
"DD60-KIT-04","Blocco motoriduttore per sblocco apertura cassetto DD60","GRUPPO ELETTRONICA","176,5019"
"DD60-KIT-100","Kit per sostituzione da RaspBerry a Scheda PC","ACCESSORIO","1298,649"
"DP18-KIT-04","Kit motore assemblato per blocco sportello ritiro prodotti DP18","GRUPPO ELETTRONICA","26,2665"
"DP16-KIT-03","KIT DISPLAY DP8/DP16","MONITOR/TOUCH/DISPLAY","174,4814"
"DP60-KIT-SAN","Kit per montaggio stampante Sanei su DP60 con POS","GRUPPI E SEMILAVORATI","628,1875"
"","kit FARMA gestiti internamente","","0"
"DP60-KIT-98-R","Kit Pos Ingenico Self 2000 per DP60 RICAMBIO","GRUPPI E SEMILAVORATI","1130,634"
"DD06-KIT-MON","Kit sostituzione monitor per DD06 2026 -RICAMBIO-","GRUPPI E SEMILAVORATI",""
"","KIT ORDINATI COME CAMPIONE A VACCARI  GESTITI INTERNAMENTE","","0"
"3025752","Kit telemetria","GRUPPI E SEMILAVORATI","252,8045"
"8-KIT-BO1","Kit Barriera Ottica New con MH627","GRUPPI E SEMILAVORATI","182,5185"
"DP40-KIT-FC-R","Kit aggiunta Fine Corsa su DP40 - Ricambio","GRUPPI E SEMILAVORATI","90,4735"
"DP40-KIT-SAN","Kit per montaggio stampante Sanei su DP40","GRUPPI E SEMILAVORATI","572,907"
"DP60-KIT-12","Kit Ventola Tangenziale x DP60","GRUPPI E SEMILAVORATI","160,4726"
"GDP40-RR-RIC","Kit per montaggio Gett. Rendi Resto su DP40 (NO DPO) - Ricambio","GRUPPI E SEMILAVORATI","1003,26"
"GDP-STAMP-KIT1","Kit stampante Sanei completo","GRUPPI E SEMILAVORATI","506,483"
"","KIT GESTITI INTERNAMENTE ORDINATO I COMPONENTI ","","0"
"DD60-KIT-98-R","Kit Self 2000 su DD60T - Ricambio","GRUPPI E SEMILAVORATI","1215,435"
"DD60-KIT-FC-R","Kit aggiunta Fine Corsa su DD60T - Ricambio","GRUPPI E SEMILAVORATI","89,351"
"DP18-KIT-SAN","Kit per montaggio stampante Sanei su DP40","GRUPPI E SEMILAVORATI","593,883"
"DP40-KIT-98-R","Kit Pos Ingenico Self 2000 per DP40 RICAMBIO","GRUPPI E SEMILAVORATI","1242"
"","","","0"
"","","","0"
"","","#N/D","0"
"","","#N/D","0"
"","","#N/D","0"
"","KIT TABACCHI ","","0"
"","","#N/D","0"
"DS60-KIT-CR3","Kit per sostituzione Lettore di carta da CR006 a CR003","#N/D","447,925"
"codice?","KIT SOST. MONITOR DS 55 DA MON-001+TOUCH-003 A MON-016","#N/D","0"
"codice?","KIT SOST. MONITOR DS 60 DA MON-001+TOUCH-003 A MON-016","#N/D","0"
"GDP-STAMP-KIT1","Kit stampante Sanei completo","#N/D","528,333"
"DS-KIT-FP","Kit Impronta Digitale finger print per DS con elettronica nuova","#N/D","694,6115"
"GDS-KIT-12","Kit aggiunta secondo lettore bancanote per DS55/DS60","#N/D","1042,935"
"DS55-KIT-98-R","Kit Pos Ingenico Self 2000 per DS55 - RICAMBIO","#N/D","1158,993"
"DS55-KIT-01-R","Kit per trinciato x DS55 - Ricambio","#N/D","39,961"
"DS55-KIT-04-R","Kit 10 silos aggiuntivi per DS55 per invio a macchina installata","#N/D","984,285"
"DS60-KIT-96-R","Kit Pos Ingenico Self 2000 per DS60 con scheda PC","#N/D","934,95"
"DS60-KIT-01-R","Kit per trinciato x DS60 - Ricambio","#N/D","113,6868"
"DS60-KIT-04-R","Kit 10 silos aggiuntivi per DS60 RICAMBIO","ACCESSORIO","1095,582"
"DS60-KIT-03-R","Kit 20 silos aggiuntivi per DS60 RICAMBIO","#N/D","2024,529"
"DS60-KIT-02-N","Kit modulo ""Gratta & Vinci"" per nuova elettronica  DS60/DS55","#N/D","1077,435"
"","","","0"
"","","","0"
"","","","0"
"MPOINT-097","Toppa chiusura foro gruppo Inserim. Monete x Mini e Micro P.-Inox","CARPENTERIE","11,10144"
"","","","0"
"SUPP-GETT-S10","Supporto per gettoniera S10 E P10 (colore nero)","GETTONIERE","8,496"
"MH521-N1","Scheda Power + I/O x cassa DP60 e T40","SCHEDE ELETTRONICHE","158,497"
"MCV677","Cabl. dp18 motore sportello a motore elettrico","CAVI/CABLAGGI","23,6"
"MCV677.2","Cabl. dp18 motore sportello a connettore","CAVI/CABLAGGI","23,6"
"MCV1029","Cabalggio Tasti 1-4 > MH585  - DP8 New","CAVI/CABLAGGI","26,94"
"DS20-171C","Grondaia per Lettore di banconote per DS20 - PRZ","CARPENTERIE","6,216"
"DP40-AD-PORT-DUREX","Adesivo copertura portello ritiro prodotto DP40 - Logo Durex","PARTI PLASTICHE","29,185"
"DD60-214","Lamiera supporto motoriduttore vasca rotativa DD60-PRZ","CARPENTERIE","16,52"
"DP40-079","Asta lucchetto DP40 - Inox","CARPENTERIE","22,5144"
"XS-01-ASS","Spintore per DP/DD","GRUPPI E SEMILAVORATI","87,555"
"SCH-USD-16GB","Scheda SD 16 GB","SCHEDE ELETTRONICHE","31,43"
"","","",""
"","","",""
"","","",""
"","","",""
"","","",""
"","","",""
"","","",""
"","","",""
"","","",""
